{"loss": 0.2866866886615753, "_timestamp": 1656061052, "_runtime": 173, "_step": 2112, "pg_loss": 0.0014086090959608555, "advantage_mean": -0.002146291732788086, "_wandb": {"runtime": 174}}