{"loss": 0.41050565242767334, "_timestamp": 1655996456, "_runtime": 172, "_step": 2063, "pg_loss": 0.004372177179902792, "advantage_mean": -0.008873222351074218, "_wandb": {"runtime": 173}}