{"episode return": 0, "_timestamp": 1657442441, "_runtime": 3464, "_step": 90281, "loss": 1.3103188276290894, "td-error": 0.67722216796875, "_wandb": {"runtime": 3464}}