{"loss": 2.457165479660034, "_timestamp": 1657284272, "_runtime": 64, "_step": 110, "td-error": 3491.346484375}