{"episode return": 0, "_timestamp": 1656073149, "_runtime": 6731, "_step": 6837, "loss": 1736.3160400390625, "td-error": 118.1926875, "_wandb": {"runtime": 6733}}