{"episode return": 0, "_timestamp": 1657445366, "_runtime": 2229, "_step": 102727, "rewards": {"_type": "histogram", "values": [100, 0, 0, 0, 0, 0, 0, 0, 0, 0, 300, 0, 0, 0, 0, 0, 0, 0, 0, 0, 0, 50, 0, 0, 0, 0, 0, 0, 0, 0, 0, 50], "bins": [-1.0757802724838257, -0.9939852952957153, -0.912190318107605, -0.8303953409194946, -0.7486003637313843, -0.6668053865432739, -0.5850104093551636, -0.5032154321670532, -0.42142048478126526, -0.3396255075931549, -0.25783053040504456, -0.1760355681180954, -0.09424059092998505, -0.012445617467164993, 0.06934935599565506, 0.15114432573318481, 0.23293930292129517, 0.3147342801094055, 0.39652925729751587, 0.4783242344856262, 0.5601192116737366, 0.6419141888618469, 0.7237091660499573, 0.8055041432380676, 0.8872990608215332, 0.9690940380096436, 1.050889015197754, 1.1326839923858643, 1.2144789695739746, 1.296273946762085, 1.3780689239501953, 1.4598639011383057, 1.541658878326416]}, "loss": 0.01334450300782919, "pg_loss": -0.00477570528164506, "advantage_mean": 0.0038874235153198242, "_wandb": {"runtime": 2231}}