{"episode return": 0, "_timestamp": 1657529048, "_runtime": 1869, "_step": 99144, "critic_loss": 27.988014221191406, "entropy": {"_type": "histogram", "values": [947, 9, 0, 33, 2, 1, 0, 1, 0, 0, 0, 0, 1, 1, 0, 0, 0, 0, 0, 0, 0, 4, 0, 0, 0, 0, 0, 0, 0, 0, 0, 1], "bins": [0.0, 0.018216373398900032, 0.036432746797800064, 0.054649122059345245, 0.07286549359560013, 0.09108186513185501, 0.10929824411869049, 0.12751461565494537, 0.14573098719120026, 0.16394735872745514, 0.18216373026371002, 0.2003801017999649, 0.21859648823738098, 0.23681285977363586, 0.25502923130989075, 0.27324560284614563, 0.2914619743824005, 0.3096783459186554, 0.3278947174549103, 0.34611108899116516, 0.36432746052742004, 0.3825438320636749, 0.4007602035999298, 0.4189765751361847, 0.43719297647476196, 0.45540934801101685, 0.47362571954727173, 0.4918420910835266, 0.5100584626197815, 0.5282748341560364, 0.5464912056922913, 0.5647075772285461, 0.582923948764801]}, "pg_loss": -0.03952711820602417, "_wandb": {"runtime": 1870}}