{"episode return": 0, "_timestamp": 1657446425, "_runtime": 923, "_step": 49431, "rewards": {"_type": "histogram", "values": [150, 0, 0, 0, 0, 0, 0, 0, 0, 0, 0, 0, 0, 0, 0, 0, 0, 0, 0, 0, 0, 0, 0, 0, 0, 0, 0, 0, 0, 0, 0, 350], "bins": [-1.594873309135437, -1.5346333980560303, -1.4743934869766235, -1.4141535758972168, -1.35391366481781, -1.2936737537384033, -1.2334338426589966, -1.1731939315795898, -1.112954020500183, -1.0527141094207764, -0.9924741387367249, -0.9322342276573181, -0.8719943165779114, -0.8117544054985046, -0.7515144348144531, -0.6912745237350464, -0.6310346126556396, -0.5707947015762329, -0.5105547904968262, -0.45031487941741943, -0.3900749683380127, -0.32983502745628357, -0.26959511637687683, -0.2093552052974701, -0.14911529421806335, -0.08887536823749542, -0.028635451570153236, 0.03160446509718895, 0.09184437990188599, 0.15208430588245392, 0.21232421696186066, 0.2725641429424286, 0.3328040540218353]}, "loss": 4.856040000915527, "pg_loss": 0.02845090627670288, "advantage_mean": -0.028450906753540037, "_wandb": {"runtime": 924}}