{
  "advantage_mean": [
    0.8809090691643793,
    3.0972373046875
  ],
  "advantage_mean_T": [
    444,
    10444
  ],
  "agent_grad_norm": [
    0.11855734139680862,
    0.7725513577461243
  ],
  "agent_grad_norm_T": [
    444,
    10444
  ],
  "critic_grad_norm": [
    2.5616984367370605,
    17.878662109375
  ],
  "critic_grad_norm_T": [
    444,
    10444
  ],
  "critic_loss": [
    18.98201560974121,
    20.682086944580078
  ],
  "critic_loss_T": [
    444,
    10444
  ],
  "pg_loss": [
    1.7412135601043701,
    2.6505489349365234
  ],
  "pg_loss_T": [
    444,
    10444
  ],
  "pi_max": [
    0.33666112401463966,
    0.5983782958984375
  ],
  "pi_max_T": [
    444,
    10444
  ],
  "q_taken_mean": [
    0.10596649925988,
    0.6084163818359375
  ],
  "q_taken_mean_T": [
    444,
    10444
  ],
  "return_mean": [
    {
      "dtype": "float64",
      "py/object": "numpy.float64",
      "value": 1.0
    },
    {
      "dtype": "float64",
      "py/object": "numpy.float64",
      "value": 0.033816425120772944
    }
  ],
  "return_mean_T": [
    50,
    10094
  ],
  "return_std": [
    {
      "dtype": "float64",
      "py/object": "numpy.float64",
      "value": 0.0
    },
    {
      "dtype": "float64",
      "py/object": "numpy.float64",
      "value": 0.9599800848984904
    }
  ],
  "return_std_T": [
    50,
    10094
  ],
  "target_mean": [
    0.9868757230741484,
    3.705653564453125
  ],
  "target_mean_T": [
    444,
    10444
  ],
  "td_error_abs": [
    3.7321540901252814,
    3.13540771484375
  ],
  "td_error_abs_T": [
    444,
    10444
  ],
  "test_return_mean": [
    {
      "dtype": "float64",
      "py/object": "numpy.float64",
      "value": 0.06
    }
  ],
  "test_return_mean_T": [
    50
  ],
  "test_return_std": [
    {
      "dtype": "float64",
      "py/object": "numpy.float64",
      "value": 1.0938007131100254
    }
  ],
  "test_return_std_T": [
    50
  ]
}