{"episode return": 0, "_timestamp": 1657374118, "_runtime": 22499, "_step": 6035, "loss": 13314.3603515625, "td-error": 243.28859375, "_wandb": {"runtime": 22501}}