{"rewards": {"_type": "histogram", "values": [0, 0, 0, 0, 0, 0, 0, 0, 0, 0, 0, 0, 0, 0, 0, 0, 250, 0, 0, 0, 0, 0, 0, 0, 0, 0, 0, 0, 0, 0, 0, 0], "bins": [0.0920601487159729, 0.1233101487159729, 0.1545601487159729, 0.1858101487159729, 0.2170601487159729, 0.2483101487159729, 0.2795601487159729, 0.3108101487159729, 0.3420601487159729, 0.3733101487159729, 0.4045601487159729, 0.4358101487159729, 0.4670601487159729, 0.4983101487159729, 0.5295601487159729, 0.5608101487159729, 0.5920601487159729, 0.6233101487159729, 0.6545601487159729, 0.6858101487159729, 0.7170601487159729, 0.7483101487159729, 0.7795601487159729, 0.8108101487159729, 0.8420601487159729, 0.8733101487159729, 0.9045601487159729, 0.9358101487159729, 0.9670601487159729, 0.9983101487159729, 1.0295600891113281, 1.0608100891113281, 1.0920600891113281]}, "_timestamp": 1656061832, "_runtime": 592, "_step": 9841, "loss": 0.06826258450746536, "pg_loss": 0.004934336990118027, "advantage_mean": -0.00576385498046875, "_wandb": {"runtime": 594}}