{
  "advantage_mean": [
    0.8529569391618695,
    -2.978693359375,
    0.786868896484375,
    -0.5761078491210937,
    -0.38603466796875,
    -0.7429847801124657,
    -0.3506808776855469,
    -0.011494930267333985,
    -0.44611572265625,
    -1.0907716064453126,
    -1.303072509765625,
    0.8390672607421875,
    -1.3660986328125,
    -0.17690231323242187,
    -0.04208026123046875,
    -0.1541793975830078,
    -0.04505743408203125,
    0.0096859130859375,
    0.015188947677612304,
    0.010699455261230468,
    0.005342315673828125,
    -0.011972890853881837
  ],
  "advantage_mean_T": [
    456,
    10478,
    20500,
    30500,
    40548,
    50555,
    60555,
    70555,
    80572,
    90572,
    100572,
    110572,
    120572,
    130572,
    140572,
    150572,
    160572,
    170572,
    180572,
    190572,
    200572,
    210572
  ],
  "agent_grad_norm": [
    0.07792643457651138,
    0.15768665075302124,
    0.41765710711479187,
    0.38350585103034973,
    0.48444274067878723,
    0.04599658399820328,
    0.024905409663915634,
    0.4905116856098175,
    0.483883261680603,
    0.15349426865577698,
    0.35303783416748047,
    0.20341113209724426,
    0.9843390583992004,
    0.00865194108337164,
    0.000557304301764816,
    0.0007226594025269151,
    0.00030658411560580134,
    0.0004578832886181772,
    0.00021124814520590007,
    0.0004089066060259938,
    0.00017581053543835878,
    0.00868436973541975
  ],
  "agent_grad_norm_T": [
    456,
    10478,
    20500,
    30500,
    40548,
    50555,
    60555,
    70555,
    80572,
    90572,
    100572,
    110572,
    120572,
    130572,
    140572,
    150572,
    160572,
    170572,
    180572,
    190572,
    200572,
    210572
  ],
  "critic_grad_norm": [
    2.3118762969970703,
    27.96709442138672,
    13.952112197875977,
    12.031161308288574,
    16.02293586730957,
    17.863924026489258,
    9.23982048034668,
    29.05905532836914,
    22.231483459472656,
    34.46337890625,
    31.366840362548828,
    13.878013610839844,
    37.10200881958008,
    4.863568305969238,
    0.9493563175201416,
    1.908496379852295,
    0.8351960778236389,
    0.9307571649551392,
    0.9522524476051331,
    1.0704443454742432,
    0.7980467677116394,
    0.8489815592765808
  ],
  "critic_grad_norm_T": [
    456,
    10478,
    20500,
    30500,
    40548,
    50555,
    60555,
    70555,
    80572,
    90572,
    100572,
    110572,
    120572,
    130572,
    140572,
    150572,
    160572,
    170572,
    180572,
    190572,
    200572,
    210572
  ],
  "critic_loss": [
    17.09747314453125,
    14.646224975585938,
    14.902701377868652,
    8.24221420288086,
    22.946958541870117,
    2.3407909870147705,
    0.6664533615112305,
    26.524688720703125,
    19.582345962524414,
    7.153221607208252,
    6.65606164932251,
    11.724270820617676,
    19.33774185180664,
    2.364309549331665,
    0.6026808023452759,
    0.3248969614505768,
    0.1443074345588684,
    0.17983464896678925,
    0.1233421266078949,
    0.14313051104545593,
    0.07496269047260284,
    0.05174997076392174
  ],
  "critic_loss_T": [
    456,
    10478,
    20500,
    30500,
    40548,
    50555,
    60555,
    70555,
    80572,
    90572,
    100572,
    110572,
    120572,
    130572,
    140572,
    150572,
    160572,
    170572,
    180572,
    190572,
    200572,
    210572
  ],
  "episode": [
    1012,
    2014,
    3014,
    4014
  ],
  "episode_T": [
    50000,
    100022,
    150022,
    200022
  ],
  "pg_loss": [
    1.2238696813583374,
    -3.400977849960327,
    0.8027753233909607,
    -0.5223187208175659,
    -0.1858658790588379,
    -0.048783641308546066,
    -0.019068045541644096,
    0.19449569284915924,
    -0.06810173392295837,
    -0.07236253470182419,
    -0.1876308023929596,
    0.27436572313308716,
    -0.5642353892326355,
    -0.004331948701292276,
    2.7230569685343653e-05,
    6.449581997003406e-05,
    -2.297902392456308e-05,
    -3.604850280680694e-05,
    -1.4974413716117851e-05,
    2.376552583882585e-05,
    -1.3142467651050538e-05,
    -0.0018761391984298825
  ],
  "pg_loss_T": [
    456,
    10478,
    20500,
    30500,
    40548,
    50555,
    60555,
    70555,
    80572,
    90572,
    100572,
    110572,
    120572,
    130572,
    140572,
    150572,
    160572,
    170572,
    180572,
    190572,
    200572,
    210572
  ],
  "pi_max": [
    0.42052754184655977,
    0.46389083862304686,
    0.46455978393554687,
    0.6223399658203125,
    0.7885242919921875,
    0.9914478343921703,
    0.99457666015625,
    0.9053489990234375,
    0.931874267578125,
    0.9838822631835937,
    0.9503909912109375,
    0.9321190795898437,
    0.7899696044921874,
    0.9998839111328125,
    0.999878662109375,
    0.9999002075195312,
    0.9998920288085937,
    0.99980078125,
    0.9998424682617187,
    0.9998712158203125,
    0.9999132690429687,
    0.999840087890625
  ],
  "pi_max_T": [
    456,
    10478,
    20500,
    30500,
    40548,
    50555,
    60555,
    70555,
    80572,
    90572,
    100572,
    110572,
    120572,
    130572,
    140572,
    150572,
    160572,
    170572,
    180572,
    190572,
    200572,
    210572
  ],
  "q_taken_mean": [
    -0.038216088947496916,
    1.83313037109375,
    3.736921630859375,
    4.88650537109375,
    9.45578515625,
    3.151245653760302,
    1.3308720703125,
    5.644978515625,
    10.315587890625,
    8.08500146484375,
    6.3869384765625,
    6.03949951171875,
    8.915625,
    5.98574365234375,
    1.6955693359375,
    -2.01963134765625,
    -5.05640380859375,
    -7.8319697265625,
    -10.3546953125,
    -12.737642578125,
    -14.646515625,
    -16.46133203125
  ],
  "q_taken_mean_T": [
    456,
    10478,
    20500,
    30500,
    40548,
    50555,
    60555,
    70555,
    80572,
    90572,
    100572,
    110572,
    120572,
    130572,
    140572,
    150572,
    160572,
    170572,
    180572,
    190572,
    200572,
    210572
  ],
  "return_mean": [
    {
      "dtype": "float64",
      "py/object": "numpy.float64",
      "value": 1.0
    },
    {
      "dtype": "float64",
      "py/object": "numpy.float64",
      "value": 0.0825242718446602
    },
    {
      "dtype": "float64",
      "py/object": "numpy.float64",
      "value": 0.4158415841584158
    },
    {
      "dtype": "float64",
      "py/object": "numpy.float64",
      "value": 0.29
    },
    {
      "dtype": "float64",
      "py/object": "numpy.float64",
      "value": 0.6878048780487804
    },
    {
      "dtype": "float64",
      "py/object": "numpy.float64",
      "value": -0.029850746268656716
    },
    {
      "dtype": "float64",
      "py/object": "numpy.float64",
      "value": 0.03980099502487562
    },
    {
      "dtype": "float64",
      "py/object": "numpy.float64",
      "value": 0.2
    },
    {
      "dtype": "float64",
      "py/object": "numpy.float64",
      "value": 0.582089552238806
    },
    {
      "dtype": "float64",
      "py/object": "numpy.float64",
      "value": 0.53
    },
    {
      "dtype": "float64",
      "py/object": "numpy.float64",
      "value": 0.28
    },
    {
      "dtype": "float64",
      "py/object": "numpy.float64",
      "value": 0.42
    },
    {
      "dtype": "float64",
      "py/object": "numpy.float64",
      "value": 0.485
    },
    {
      "dtype": "float64",
      "py/object": "numpy.float64",
      "value": 0.64
    },
    {
      "dtype": "float64",
      "py/object": "numpy.float64",
      "value": 0.0
    },
    {
      "dtype": "float64",
      "py/object": "numpy.float64",
      "value": 0.0
    },
    {
      "dtype": "float64",
      "py/object": "numpy.float64",
      "value": 0.0
    },
    {
      "dtype": "float64",
      "py/object": "numpy.float64",
      "value": 0.0
    },
    {
      "dtype": "float64",
      "py/object": "numpy.float64",
      "value": 0.0
    },
    {
      "dtype": "float64",
      "py/object": "numpy.float64",
      "value": 0.0
    },
    {
      "dtype": "float64",