{"episode return": 1, "_timestamp": 1657531513, "_runtime": 1579, "_step": 87100, "critic_loss": 30.896259307861328, "entropy": {"_type": "histogram", "values": [990, 1, 0, 1, 0, 0, 0, 0, 0, 0, 0, 0, 0, 0, 0, 2, 0, 0, 0, 0, 2, 0, 0, 0, 1, 0, 0, 0, 0, 0, 0, 3], "bins": [0.0, 0.027999281883239746, 0.05599856376647949, 0.08399784564971924, 0.11199712753295898, 0.13999640941619873, 0.16799569129943848, 0.19599497318267822, 0.22399425506591797, 0.2519935369491577, 0.27999281883239746, 0.3079921007156372, 0.33599138259887695, 0.3639906644821167, 0.39198994636535645, 0.4199892282485962, 0.44798851013183594, 0.4759877920150757, 0.5039870738983154, 0.5319863557815552, 0.5599856376647949, 0.5879849195480347, 0.6159842014312744, 0.6439834833145142, 0.6719827651977539, 0.6999820470809937, 0.7279813289642334, 0.7559806108474731, 0.7839798927307129, 0.8119791746139526, 0.8399784564971924, 0.8679777383804321, 0.8959770202636719]}, "pg_loss": 0.042866650968790054, "_wandb": {"runtime": 1579}}